Handle,Title,Body (HTML),Vendor,Product Category,Type,Tags,Published,Option1 Name,Option1 Value,Option2 Name,Option2 Value,Option3 Name,Option3 Value,Variant SKU,Variant Grams,Variant Inventory Tracker,Variant Inventory Qty,Variant Inventory Policy,Variant Fulfillment Service,Variant Price,Variant Compare At Price,Variant Requires Shipping,Variant Taxable,Image Src,Image Position,Image Alt Text,Gift Card,SEO Title,SEO Description,Google Shopping / Google Product Category,Status
rajasthan-radiance-table-lamp,Rajasthan Radiance Table Lamp,"<h2>Rajasthan Radiance Table Lamp</h2><p>Inspired by the intricate jaali screens of Rajasthan's palaces, the Rajasthan Radiance Table Lamp casts mesmerising geometric shadow patterns across your walls and ceilings. Each piece is printed layer-by-layer in our Delhi NCR studio using premium PLA+ filament.</p><ul><li>Material: PLA+ bioplastic (eco-friendly, sugarcane-derived)</li><li>Dimensions: 22cm height × 16cm diameter</li><li>Weight: ~380g printed shade</li><li>Cord: 1.5m fabric-braided cord with inline switch</li><li>Base: Weighted ceramic or 3D printed base</li></ul><div style='background:#1a1200;border-left:4px solid #C8A84B;padding:14px;margin:16px 0;border-radius:4px'><strong style='color:#C8A84B'>⚠️ LED ONLY</strong><br>Use LED bulbs only (max 5W). PLA+ softens at 60°C. Never use incandescent or halogen bulbs.</div>",Decora3D,,Lamp,"lamp, table-lamp, lighting, rajasthan, pla-plus, bedroom, handcrafted",TRUE,Colour,Natural White,LED Bulb,LED Included,,,D3D-LAMP-001-NW-LED,800,shopify,50,deny,manual,2499.00,2999.00,TRUE,TRUE,,1,Rajasthan Radiance Table Lamp — 3D printed PLA+ | Decora3D Delhi,FALSE,Rajasthan Radiance Table Lamp — 3D Printed PLA+ | Decora3D Delhi,"Inspired by Rajasthani jaali patterns. Geometric 3D printed table lamp in PLA+. Natural White, Charcoal Black & Terracotta. LED bulb option. Handcrafted in Delhi NCR. Free shipping ₹999+.",,active
rajasthan-radiance-table-lamp,,,,,,,,,Natural White,,LED Not Included,,,D3D-LAMP-001-NW,800,shopify,50,deny,manual,2299.00,,TRUE,TRUE,,,,,,,,active
rajasthan-radiance-table-lamp,,,,,,,,,Charcoal Black,,LED Included,,,D3D-LAMP-001-CB-LED,800,shopify,50,deny,manual,2499.00,,TRUE,TRUE,,,,,,,,active
rajasthan-radiance-table-lamp,,,,,,,,,Charcoal Black,,LED Not Included,,,D3D-LAMP-001-CB,800,shopify,50,deny,manual,2299.00,,TRUE,TRUE,,,,,,,,active
rajasthan-radiance-table-lamp,,,,,,,,,Terracotta,,LED Included,,,D3D-LAMP-001-TC-LED,800,shopify,50,deny,manual,2499.00,,TRUE,TRUE,,,,,,,,active
rajasthan-radiance-table-lamp,,,,,,,,,Terracotta,,LED Not Included,,,D3D-LAMP-001-TC,800,shopify,50,deny,manual,2299.00,,TRUE,TRUE,,,,,,,,active
chenab-moon-pendant-light,Chenab Moon Pendant Light,<p>Chenab Moon Pendant Light — 3D printed in PLA+. Handcrafted in Delhi NCR by Decora3D.</p>,Decora3D,,Pendant Light,"lamp, pendant, lighting, moon, pla-plus, ceiling, dining",TRUE,Colour,Natural White,LED Bulb,LED Included,,,D3D-PEND-001-NW-LED,600,shopify,50,deny,manual,3299.00,3999.00,TRUE,TRUE,,1,Chenab Moon Pendant Light — 3D printed PLA+ | Decora3D Delhi,FALSE,Chenab Moon Pendant Light — 3D Printed | Decora3D Delhi,Organic crescent-inspired pendant light. 3D printed in PLA+. Stunning light diffusion. Perfect for dining tables. Handcrafted in Delhi NCR.,,active
chenab-moon-pendant-light,,,,,,,,,Natural White,,LED Not Included,,,D3D-PEND-001-NW,600,shopify,50,deny,manual,3299.00,,TRUE,TRUE,,,,,,,,active
chenab-moon-pendant-light,,,,,,,,,Charcoal Black,,LED Included,,,D3D-PEND-001-CB-LED,600,shopify,50,deny,manual,3299.00,,TRUE,TRUE,,,,,,,,active
chenab-moon-pendant-light,,,,,,,,,Charcoal Black,,LED Not Included,,,D3D-PEND-001-CB,600,shopify,50,deny,manual,3299.00,,TRUE,TRUE,,,,,,,,active
chenab-moon-pendant-light,,,,,,,,,Pearl Gold,,LED Included,,,D3D-PEND-001-PG-LED,600,shopify,50,deny,manual,3299.00,,TRUE,TRUE,,,,,,,,active
chenab-moon-pendant-light,,,,,,,,,Pearl Gold,,LED Not Included,,,D3D-PEND-001-PG,600,shopify,50,deny,manual,3299.00,,TRUE,TRUE,,,,,,,,active
voronoi-pendant-lamp,Voronoi Pendant Lamp,<p>Voronoi Pendant Lamp — 3D printed in PLA+. Handcrafted in Delhi NCR by Decora3D.</p>,Decora3D,,Pendant Light,"lamp, pendant, voronoi, geometric, pla-plus, viral, bestseller, lighting",TRUE,Colour,Natural White,LED Bulb,LED Included,,,D3D-PEND-002-NW-LED,450,shopify,50,deny,manual,3499.00,4199.00,TRUE,TRUE,,1,Voronoi Pendant Lamp — 3D printed PLA+ | Decora3D Delhi,FALSE,Voronoi Pendant Lamp — Geometric 3D Printed Light | Decora3D Delhi,Our most viral product. Voronoi cell geometry creates stunning shadow patterns. 3D printed in PLA+. Instant conversation starter. Delhi NCR.,,active
voronoi-pendant-lamp,,,,,,,,,Natural White,,LED Not Included,,,D3D-PEND-002-NW,450,shopify,50,deny,manual,3499.00,,TRUE,TRUE,,,,,,,,active
voronoi-pendant-lamp,,,,,,,,,Charcoal Black,,LED Included,,,D3D-PEND-002-CB-LED,450,shopify,50,deny,manual,3499.00,,TRUE,TRUE,,,,,,,,active
voronoi-pendant-lamp,,,,,,,,,Charcoal Black,,LED Not Included,,,D3D-PEND-002-CB,450,shopify,50,deny,manual,3499.00,,TRUE,TRUE,,,,,,,,active
voronoi-pendant-lamp,,,,,,,,,Copper,,LED Included,,,D3D-PEND-002-CP-LED,450,shopify,50,deny,manual,3499.00,,TRUE,TRUE,,,,,,,,active
voronoi-pendant-lamp,,,,,,,,,Copper,,LED Not Included,,,D3D-PEND-002-CP,450,shopify,50,deny,manual,3499.00,,TRUE,TRUE,,,,,,,,active
crinkle-crystal-mood-lamp,Crinkle Crystal Mood Lamp,<p>Crinkle Crystal Mood Lamp — 3D printed in PLA+. Handcrafted in Delhi NCR by Decora3D.</p>,Decora3D,,Lamp,"lamp, mood-lamp, crystal, crinkle, pla-plus, bedroom, ambient",TRUE,Colour,Natural White,LED Bulb,LED Included,,,D3D-LAMP-003-NW-LED,550,shopify,50,deny,manual,2999.00,3499.00,TRUE,TRUE,,1,Crinkle Crystal Mood Lamp — 3D printed PLA+ | Decora3D Delhi,FALSE,,,,active
crinkle-crystal-mood-lamp,,,,,,,,,Charcoal Black,,LED Included,,,D3D-LAMP-003-CB-LED,550,shopify,50,deny,manual,2999.00,,TRUE,TRUE,,,,,,,,active
crinkle-crystal-mood-lamp,,,,,,,,,Frosted Lilac,,LED Included,,,D3D-LAMP-003-FL-LED,550,shopify,50,deny,manual,2999.00,,TRUE,TRUE,,,,,,,,active
artichoke-mini-table-lamp,Artichoke Mini Table Lamp,<p>Artichoke Mini Table Lamp — 3D printed in PLA+. Handcrafted in Delhi NCR by Decora3D.</p>,Decora3D,,Lamp,"lamp, table-lamp, artichoke, mini, pla-plus, desk, bedroom",TRUE,Colour,Natural White,LED Bulb,LED Included,,,D3D-LAMP-004-NA,350,shopify,50,deny,manual,1899.00,2299.00,TRUE,TRUE,,1,Artichoke Mini Table Lamp — 3D printed PLA+ | Decora3D Delhi,FALSE,,,,active
artichoke-mini-table-lamp,,,,,,,,,Natural White,,LED Not Included,,,D3D-LAMP-004-NA,350,shopify,50,deny,manual,1899.00,,TRUE,TRUE,,,,,,,,active
artichoke-mini-table-lamp,,,,,,,,,Charcoal Black,,LED Included,,,D3D-LAMP-004-CH,350,shopify,50,deny,manual,1899.00,,TRUE,TRUE,,,,,,,,active
artichoke-mini-table-lamp,,,,,,,,,Charcoal Black,,LED Not Included,,,D3D-LAMP-004-CH,350,shopify,50,deny,manual,1899.00,,TRUE,TRUE,,,,,,,,active
artichoke-mini-table-lamp,,,,,,,,,Sage Green,,LED Included,,,D3D-LAMP-004-SA,350,shopify,50,deny,manual,1899.00,,TRUE,TRUE,,,,,,,,active
artichoke-mini-table-lamp,,,,,,,,,Sage Green,,LED Not Included,,,D3D-LAMP-004-SA,350,shopify,50,deny,manual,1899.00,,TRUE,TRUE,,,,,,,,active
sabarmati-divinity-pendant-light,Sabarmati Divinity Pendant Light,<p>Sabarmati Divinity Pendant Light — 3D printed in PLA+. Handcrafted in Delhi NCR by Decora3D.</p>,Decora3D,,Pendant Light,"lamp, pendant, divinity, spiritual, pla-plus, pooja, ceiling",TRUE,Colour,Natural White,LED Bulb,LED Included,,,D3D-PEND-003-NA,520,shopify,50,deny,manual,2799.00,3299.00,TRUE,TRUE,,1,Sabarmati Divinity Pendant Light — 3D printed PLA+ | Decora3D Delhi,FALSE,,,,active
sabarmati-divinity-pendant-light,,,,,,,,,Natural White,,LED Not Included,,,D3D-PEND-003-NA,520,shopify,50,deny,manual,2799.00,,TRUE,TRUE,,,,,,,,active
sabarmati-divinity-pendant-light,,,,,,,,,Charcoal Black,,LED Included,,,D3D-PEND-003-CH,520,shopify,50,deny,manual,2799.00,,TRUE,TRUE,,,,,,,,active
sabarmati-divinity-pendant-light,,,,,,,,,Charcoal Black,,LED Not Included,,,D3D-PEND-003-CH,520,shopify,50,deny,manual,2799.00,,TRUE,TRUE,,,,,,,,active
sabarmati-divinity-pendant-light,,,,,,,,,Antique Gold,,LED Included,,,D3D-PEND-003-AN,520,shopify,50,deny,manual,2799.00,,TRUE,TRUE,,,,,,,,active
sabarmati-divinity-pendant-light,,,,,,,,,Antique Gold,,LED Not Included,,,D3D-PEND-003-AN,520,shopify,50,deny,manual,2799.00,,TRUE,TRUE,,,,,,,,active
coral-lamp-cluster-set,Coral Lamp Cluster Set (Set of 3),<p>Coral Lamp Cluster Set (Set of 3) — 3D printed in PLA+. Handcrafted in Delhi NCR by Decora3D.</p>,Decora3D,,Lamp Set,"lamp, cluster, coral, set, pla-plus, ambient, bundle",TRUE,Colour,Natural White,LED Bulb,LED Included (×3),,,D3D-LAMP-005-NA,900,shopify,50,deny,manual,3999.00,4799.00,TRUE,TRUE,,1,Coral Lamp Cluster Set (Set of 3) — 3D printed PLA+ | Decora3D Delhi,FALSE,,,,active
coral-lamp-cluster-set,,,,,,,,,Natural White,,LED Not Included,,,D3D-LAMP-005-NA,900,shopify,50,deny,manual,3999.00,,TRUE,TRUE,,,,,,,,active
coral-lamp-cluster-set,,,,,,,,,Charcoal Black,,LED Included (×3),,,D3D-LAMP-005-CH,900,shopify,50,deny,manual,3999.00,,TRUE,TRUE,,,,,,,,active
coral-lamp-cluster-set,,,,,,,,,Charcoal Black,,LED Not Included,,,D3D-LAMP-005-CH,900,shopify,50,deny,manual,3999.00,,TRUE,TRUE,,,,,,,,active
coral-lamp-cluster-set,,,,,,,,,Coral Pink,,LED Included (×3),,,D3D-LAMP-005-CO,900,shopify,50,deny,manual,3999.00,,TRUE,TRUE,,,,,,,,active
coral-lamp-cluster-set,,,,,,,,,Coral Pink,,LED Not Included,,,D3D-LAMP-005-CO,900,shopify,50,deny,manual,3999.00,,TRUE,TRUE,,,,,,,,active
mandala-statement-panel-40cm,Mandala Statement Panel — 40cm,<p>Mandala Statement Panel — 40cm — 3D printed in PLA+. Handcrafted in Delhi NCR by Decora3D.</p>,Decora3D,,Wall Art,"wall-art, mandala, panel, pla-plus, living-room, spiritual, geometric",TRUE,Colour,Natural White,Size,Standard 40cm,,,D3D-WALL-001-NA,600,shopify,50,deny,manual,2299.00,2799.00,TRUE,TRUE,,1,Mandala Statement Panel — 40cm — 3D printed PLA+ | Decora3D Delhi,FALSE,,,,active
mandala-statement-panel-40cm,,,,,,,,,Natural White,,Large 60cm,,,D3D-WALL-001-NA,600,shopify,50,deny,manual,2299.00,,TRUE,TRUE,,,,,,,,active
mandala-statement-panel-40cm,,,,,,,,,Matte Black,,Standard 40cm,,,D3D-WALL-001-MA,600,shopify,50,deny,manual,2299.00,,TRUE,TRUE,,,,,,,,active
mandala-statement-panel-40cm,,,,,,,,,Matte Black,,Large 60cm,,,D3D-WALL-001-MA,600,shopify,50,deny,manual,2299.00,,TRUE,TRUE,,,,,,,,active
mandala-statement-panel-40cm,,,,,,,,,Terracotta,,Standard 40cm,,,D3D-WALL-001-TE,600,shopify,50,deny,manual,2299.00,,TRUE,TRUE,,,,,,,,active
mandala-statement-panel-40cm,,,,,,,,,Terracotta,,Large 60cm,,,D3D-WALL-001-TE,600,shopify,50,deny,manual,2299.00,,TRUE,TRUE,,,,,,,,active
mandala-statement-panel-40cm,,,,,,,,,Antique Gold,,Standard 40cm,,,D3D-WALL-001-AN,600,shopify,50,deny,manual,2299.00,,TRUE,TRUE,,,,,,,,active
mandala-statement-panel-40cm,,,,,,,,,Antique Gold,,Large 60cm,,,D3D-WALL-001-AN,600,shopify,50,deny,manual,2299.00,,TRUE,TRUE,,,,,,,,active
coral-reef-relief-wall-sculpture,Coral Reef Relief Wall Sculpture,<p>Coral Reef Relief Wall Sculpture — 3D printed in PLA+. Handcrafted in Delhi NCR by Decora3D.</p>,Decora3D,,Wall Art,"wall-art, coral, sculpture, relief, pla-plus, 3d-texture, living-room",TRUE,Colour,Natural White,,,,,D3D-WALL-002-NA,700,shopify,50,deny,manual,2499.00,2999.00,TRUE,TRUE,,1,Coral Reef Relief Wall Sculpture — 3D printed PLA+ | Decora3D Delhi,FALSE,,,,active
coral-reef-relief-wall-sculpture,,,,,,,,,Matte Black,,,,,D3D-WALL-002-MA,700,shopify,50,deny,manual,2499.00,,TRUE,TRUE,,,,,,,,active
coral-reef-relief-wall-sculpture,,,,,,,,,Terracotta,,,,,D3D-WALL-002-TE,700,shopify,50,deny,manual,2499.00,,TRUE,TRUE,,,,,,,,active
coral-reef-relief-wall-sculpture,,,,,,,,,Antique Gold,,,,,D3D-WALL-002-AN,700,shopify,50,deny,manual,2499.00,,TRUE,TRUE,,,,,,,,active
sacred-geometry-triptych,Sacred Geometry Triptych (Set of 3),<p>Sacred Geometry Triptych (Set of 3) — 3D printed in PLA+. Handcrafted in Delhi NCR by Decora3D.</p>,Decora3D,,Wall Art Set,"wall-art, sacred-geometry, triptych, set, pla-plus, spiritual, modern",TRUE,Colour,Natural White,,,,,D3D-WALL-003-NA,800,shopify,50,deny,manual,3499.00,4199.00,TRUE,TRUE,,1,Sacred Geometry Triptych (Set of 3) — 3D printed PLA+ | Decora3D Delhi,FALSE,,,,active
sacred-geometry-triptych,,,,,,,,,Matte Black,,,,,D3D-WALL-003-MA,800,shopify,50,deny,manual,3499.00,,TRUE,TRUE,,,,,,,,active
sacred-geometry-triptych,,,,,,,,,Terracotta,,,,,D3D-WALL-003-TE,800,shopify,50,deny,manual,3499.00,,TRUE,TRUE,,,,,,,,active
sacred-geometry-triptych,,,,,,,,,Antique Gold,,,,,D3D-WALL-003-AN,800,shopify,50,deny,manual,3499.00,,TRUE,TRUE,,,,,,,,active
floating-photo-frame-set,Floating Photo Frame Set (Set of 3),<p>Floating Photo Frame Set (Set of 3) — 3D printed in PLA+. Handcrafted in Delhi NCR by Decora3D.</p>,Decora3D,,Photo Frame,"wall-art, photo-frame, floating, set, pla-plus, gift",TRUE,Colour,Natural White,,,,,D3D-WALL-004-NA,250,shopify,50,deny,manual,799.00,999.00,TRUE,TRUE,,1,Floating Photo Frame Set (Set of 3) — 3D printed PLA+ | Decora3D Delhi,FALSE,,,,active
floating-photo-frame-set,,,,,,,,,Matte Black,,,,,D3D-WALL-004-MA,250,shopify,50,deny,manual,799.00,,TRUE,TRUE,,,,,,,,active
floating-photo-frame-set,,,,,,,,,Terracotta,,,,,D3D-WALL-004-TE,250,shopify,50,deny,manual,799.00,,TRUE,TRUE,,,,,,,,active
floating-photo-frame-set,,,,,,,,,Antique Gold,,,,,D3D-WALL-004-AN,250,shopify,50,deny,manual,799.00,,TRUE,TRUE,,,,,,,,active
abstract-geometric-5-piece-wall-art,Abstract Geometric 5-Piece Wall Art,<p>Abstract Geometric 5-Piece Wall Art — 3D printed in PLA+. Handcrafted in Delhi NCR by Decora3D.</p>,Decora3D,,Wall Art Set,"wall-art, abstract, geometric, 5-piece, set, pla-plus, modern",TRUE,Colour,Natural White,,,,,D3D-WALL-005-NA,950,shopify,50,deny,manual,2999.00,3599.00,TRUE,TRUE,,1,Abstract Geometric 5-Piece Wall Art — 3D printed PLA+ | Decora3D Delhi,FALSE,,,,active
abstract-geometric-5-piece-wall-art,,,,,,,,,Matte Black,,,,,D3D-WALL-005-MA,950,shopify,50,deny,manual,2999.00,,TRUE,TRUE,,,,,,,,active
abstract-geometric-5-piece-wall-art,,,,,,,,,Terracotta,,,,,D3D-WALL-005-TE,950,shopify,50,deny,manual,2999.00,,TRUE,TRUE,,,,,,,,active
abstract-geometric-5-piece-wall-art,,,,,,,,,Antique Gold,,,,,D3D-WALL-005-AN,950,shopify,50,deny,manual,2999.00,,TRUE,TRUE,,,,,,,,active
city-skyline-wall-art,Delhi City Skyline Wall Art,<p>Delhi City Skyline Wall Art — 3D printed in PLA+. Handcrafted in Delhi NCR by Decora3D.</p>,Decora3D,,Wall Art,"wall-art, skyline, city, delhi, pla-plus, gift, patriotic",TRUE,City,Delhi,Colour,Natural White,,,D3D-WALL-006-DE,450,shopify,50,deny,manual,1799.00,2199.00,TRUE,TRUE,,1,Delhi City Skyline Wall Art — 3D printed PLA+ | Decora3D Delhi,FALSE,,,,active
city-skyline-wall-art,,,,,,,,,Delhi,,Matte Black,,,D3D-WALL-006-DE,450,shopify,50,deny,manual,1799.00,,TRUE,TRUE,,,,,,,,active
city-skyline-wall-art,,,,,,,,,Delhi,,Antique Gold,,,D3D-WALL-006-DE,450,shopify,50,deny,manual,1799.00,,TRUE,TRUE,,,,,,,,active
city-skyline-wall-art,,,,,,,,,Mumbai,,Natural White,,,D3D-WALL-006-MU,450,shopify,50,deny,manual,1799.00,,TRUE,TRUE,,,,,,,,active
city-skyline-wall-art,,,,,,,,,Mumbai,,Matte Black,,,D3D-WALL-006-MU,450,shopify,50,deny,manual,1799.00,,TRUE,TRUE,,,,,,,,active
city-skyline-wall-art,,,,,,,,,Mumbai,,Antique Gold,,,D3D-WALL-006-MU,450,shopify,50,deny,manual,1799.00,,TRUE,TRUE,,,,,,,,active
city-skyline-wall-art,,,,,,,,,Bangalore,,Natural White,,,D3D-WALL-006-BA,450,shopify,50,deny,manual,1799.00,,TRUE,TRUE,,,,,,,,active
city-skyline-wall-art,,,,,,,,,Bangalore,,Matte Black,,,D3D-WALL-006-BA,450,shopify,50,deny,manual,1799.00,,TRUE,TRUE,,,,,,,,active
city-skyline-wall-art,,,,,,,,,Bangalore,,Antique Gold,,,D3D-WALL-006-BA,450,shopify,50,deny,manual,1799.00,,TRUE,TRUE,,,,,,,,active
city-skyline-wall-art,,,,,,,,,Jaipur,,Natural White,,,D3D-WALL-006-JA,450,shopify,50,deny,manual,1799.00,,TRUE,TRUE,,,,,,,,active
city-skyline-wall-art,,,,,,,,,Jaipur,,Matte Black,,,D3D-WALL-006-JA,450,shopify,50,deny,manual,1799.00,,TRUE,TRUE,,,,,,,,active
city-skyline-wall-art,,,,,,,,,Jaipur,,Antique Gold,,,D3D-WALL-006-JA,450,shopify,50,deny,manual,1799.00,,TRUE,TRUE,,,,,,,,active
city-skyline-wall-art,,,,,,,,,Kolkata,,Natural White,,,D3D-WALL-006-KO,450,shopify,50,deny,manual,1799.00,,TRUE,TRUE,,,,,,,,active
city-skyline-wall-art,,,,,,,,,Kolkata,,Matte Black,,,D3D-WALL-006-KO,450,shopify,50,deny,manual,1799.00,,TRUE,TRUE,,,,,,,,active
city-skyline-wall-art,,,,,,,,,Kolkata,,Antique Gold,,,D3D-WALL-006-KO,450,shopify,50,deny,manual,1799.00,,TRUE,TRUE,,,,,,,,active
city-skyline-wall-art,,,,,,,,,Hyderabad,,Natural White,,,D3D-WALL-006-HY,450,shopify,50,deny,manual,1799.00,,TRUE,TRUE,,,,,,,,active
city-skyline-wall-art,,,,,,,,,Hyderabad,,Matte Black,,,D3D-WALL-006-HY,450,shopify,50,deny,manual,1799.00,,TRUE,TRUE,,,,,,,,active
city-skyline-wall-art,,,,,,,,,Hyderabad,,Antique Gold,,,D3D-WALL-006-HY,450,shopify,50,deny,manual,1799.00,,TRUE,TRUE,,,,,,,,active
city-skyline-wall-art,,,,,,,,,Chennai,,Natural White,,,D3D-WALL-006-CH,450,shopify,50,deny,manual,1799.00,,TRUE,TRUE,,,,,,,,active
city-skyline-wall-art,,,,,,,,,Chennai,,Matte Black,,,D3D-WALL-006-CH,450,shopify,50,deny,manual,1799.00,,TRUE,TRUE,,,,,,,,active
city-skyline-wall-art,,,,,,,,,Chennai,,Antique Gold,,,D3D-WALL-006-CH,450,shopify,50,deny,manual,1799.00,,TRUE,TRUE,,,,,,,,active
zesty-smirk-vase,Zesty Smirk Vase,<p>Zesty Smirk Vase — 3D printed in PLA+. Handcrafted in Delhi NCR by Decora3D.</p>,Decora3D,,Vase,"planter, vase, smirk, quirky, pla-plus, tabletop, gift",TRUE,Colour,White,,,,,D3D-PLNT-001-WH,300,shopify,50,deny,manual,899.00,1099.00,TRUE,TRUE,,1,Zesty Smirk Vase — 3D printed PLA+ | Decora3D Delhi,FALSE,,,,active
zesty-smirk-vase,,,,,,,,,Black,,,,,D3D-PLNT-001-BL,300,shopify,50,deny,manual,899.00,,TRUE,TRUE,,,,,,,,active
zesty-smirk-vase,,,,,,,,,Terracotta,,,,,D3D-PLNT-001-TE,300,shopify,50,deny,manual,899.00,,TRUE,TRUE,,,,,,,,active
zesty-smirk-vase,,,,,,,,,Sage Green,,,,,D3D-PLNT-001-SA,300,shopify,50,deny,manual,899.00,,TRUE,TRUE,,,,,,,,active
honeycomb-hex-wall-planter-set,Honeycomb Hex Wall Planter Set (×3),<p>Honeycomb Hex Wall Planter Set (×3) — 3D printed in PETG. Handcrafted in Delhi NCR by Decora3D.</p>,Decora3D,,Wall Planter,"planter, wall-planter, honeycomb, hex, petg, set, kitchen, bathroom",TRUE,Colour,White,,,,,D3D-PLNT-002-WH,500,shopify,50,deny,manual,1499.00,1799.00,TRUE,TRUE,,1,Honeycomb Hex Wall Planter Set (×3) — 3D printed PETG | Decora3D Delhi,FALSE,,,,active
honeycomb-hex-wall-planter-set,,,,,,,,,Black,,,,,D3D-PLNT-002-BL,500,shopify,50,deny,manual,1499.00,,TRUE,TRUE,,,,,,,,active
honeycomb-hex-wall-planter-set,,,,,,,,,Terracotta,,,,,D3D-PLNT-002-TE,500,shopify,50,deny,manual,1499.00,,TRUE,TRUE,,,,,,,,active
honeycomb-hex-wall-planter-set,,,,,,,,,Sage Green,,,,,D3D-PLNT-002-SA,500,shopify,50,deny,manual,1499.00,,TRUE,TRUE,,,,,,,,active
self-watering-smart-planter,Self-Watering Smart Planter,<p>Self-Watering Smart Planter — 3D printed in PETG. Handcrafted in Delhi NCR by Decora3D.</p>,Decora3D,,Smart Planter,"planter, self-watering, smart, petg, succulents, indoor",TRUE,Colour,White,,,,,D3D-PLNT-003-WH,400,shopify,50,deny,manual,1199.00,1499.00,TRUE,TRUE,,1,Self-Watering Smart Planter — 3D printed PETG | Decora3D Delhi,FALSE,,,,active
self-watering-smart-planter,,,,,,,,,Black,,,,,D3D-PLNT-003-BL,400,shopify,50,deny,manual,1199.00,,TRUE,TRUE,,,,,,,,active
self-watering-smart-planter,,,,,,,,,Terracotta,,,,,D3D-PLNT-003-TE,400,shopify,50,deny,manual,1199.00,,TRUE,TRUE,,,,,,,,active
self-watering-smart-planter,,,,,,,,,Sage Green,,,,,D3D-PLNT-003-SA,400,shopify,50,deny,manual,1199.00,,TRUE,TRUE,,,,,,,,active
self-watering-smart-planter,,,,,,,,,Ocean Blue,,,,,D3D-PLNT-003-OC,400,shopify,50,deny,manual,1199.00,,TRUE,TRUE,,,,,,,,active
geometric-faceted-succulent-planter,Geometric Faceted Succulent Planter,<p>Geometric Faceted Succulent Planter — 3D printed in PETG. Handcrafted in Delhi NCR by Decora3D.</p>,Decora3D,,Planter,"planter, geometric, faceted, succulent, petg, desk, gift",TRUE,Colour,White,Size,Small (6cm),,,D3D-PLNT-004-WH,200,shopify,50,deny,manual,999.00,1199.00,TRUE,TRUE,,1,Geometric Faceted Succulent Planter — 3D printed PETG | Decora3D Delhi,FALSE,,,,active
geometric-faceted-succulent-planter,,,,,,,,,White,,Medium (9cm),,,D3D-PLNT-004-WH,200,shopify,50,deny,manual,999.00,,TRUE,TRUE,,,,,,,,active
geometric-faceted-succulent-planter,,,,,,,,,White,,Large (12cm),,,D3D-PLNT-004-WH,200,shopify,50,deny,manual,999.00,,TRUE,TRUE,,,,,,,,active
geometric-faceted-succulent-planter,,,,,,,,,Black,,Small (6cm),,,D3D-PLNT-004-BL,200,shopify,50,deny,manual,999.00,,TRUE,TRUE,,,,,,,,active
geometric-faceted-succulent-planter,,,,,,,,,Black,,Medium (9cm),,,D3D-PLNT-004-BL,200,shopify,50,deny,manual,999.00,,TRUE,TRUE,,,,,,,,active
geometric-faceted-succulent-planter,,,,,,,,,Black,,Large (12cm),,,D3D-PLNT-004-BL,200,shopify,50,deny,manual,999.00,,TRUE,TRUE,,,,,,,,active
geometric-faceted-succulent-planter,,,,,,,,,Terracotta,,Small (6cm),,,D3D-PLNT-004-TE,200,shopify,50,deny,manual,999.00,,TRUE,TRUE,,,,,,,,active
geometric-faceted-succulent-planter,,,,,,,,,Terracotta,,Medium (9cm),,,D3D-PLNT-004-TE,200,shopify,50,deny,manual,999.00,,TRUE,TRUE,,,,,,,,active
geometric-faceted-succulent-planter,,,,,,,,,Terracotta,,Large (12cm),,,D3D-PLNT-004-TE,200,shopify,50,deny,manual,999.00,,TRUE,TRUE,,,,,,,,active
geometric-faceted-succulent-planter,,,,,,,,,Sage Green,,Small (6cm),,,D3D-PLNT-004-SA,200,shopify,50,deny,manual,999.00,,TRUE,TRUE,,,,,,,,active
geometric-faceted-succulent-planter,,,,,,,,,Sage Green,,Medium (9cm),,,D3D-PLNT-004-SA,200,shopify,50,deny,manual,999.00,,TRUE,TRUE,,,,,,,,active
geometric-faceted-succulent-planter,,,,,,,,,Sage Green,,Large (12cm),,,D3D-PLNT-004-SA,200,shopify,50,deny,manual,999.00,,TRUE,TRUE,,,,,,,,active
miconos-candle-holder,Miconos Candle Holder,<p>Miconos Candle Holder — 3D printed in PLA+. Handcrafted in Delhi NCR by Decora3D.</p>,Decora3D,,Candle Holder,"candle-holder, miconos, pla-plus, gift, diwali, tabletop",TRUE,Colour,White,,,,,D3D-PLNT-005-WH,180,shopify,50,deny,manual,699.00,899.00,TRUE,TRUE,,1,Miconos Candle Holder — 3D printed PLA+ | Decora3D Delhi,FALSE,,,,active
miconos-candle-holder,,,,,,,,,Black,,,,,D3D-PLNT-005-BL,180,shopify,50,deny,manual,699.00,,TRUE,TRUE,,,,,,,,active
miconos-candle-holder,,,,,,,,,Terracotta,,,,,D3D-PLNT-005-TE,180,shopify,50,deny,manual,699.00,,TRUE,TRUE,,,,,,,,active
miconos-candle-holder,,,,,,,,,Antique Gold,,,,,D3D-PLNT-005-AN,180,shopify,50,deny,manual,699.00,,TRUE,TRUE,,,,,,,,active
modular-hex-drawer-organizer,Modular Hex Drawer Organizer (6-set),<p>Modular Hex Drawer Organizer (6-set) — 3D printed in PLA+. Handcrafted in Delhi NCR by Decora3D.</p>,Decora3D,,Organizer,"organizer, hex, drawer, modular, desk, pla-plus, office, 6-set",TRUE,Colour,Natural White,,,,,D3D-ORG-001-NA,650,shopify,50,deny,manual,1899.00,2299.00,TRUE,TRUE,,1,Modular Hex Drawer Organizer (6-set) — 3D printed PLA+ | Decora3D Delhi,FALSE,,,,active
modular-hex-drawer-organizer,,,,,,,,,Charcoal Black,,,,,D3D-ORG-001-CH,650,shopify,50,deny,manual,1899.00,,TRUE,TRUE,,,,,,,,active
modular-hex-drawer-organizer,,,,,,,,,Sage Green,,,,,D3D-ORG-001-SA,650,shopify,50,deny,manual,1899.00,,TRUE,TRUE,,,,,,,,active
geometric-desk-organizer-pro,Geometric Desk Organizer Pro,<p>Geometric Desk Organizer Pro — 3D printed in PLA+. Handcrafted in Delhi NCR by Decora3D.</p>,Decora3D,,Organizer,"organizer, desk, geometric, pen-holder, pla-plus, office, wfh",TRUE,Colour,Natural White,,,,,D3D-ORG-002-NA,450,shopify,50,deny,manual,1299.00,1599.00,TRUE,TRUE,,1,Geometric Desk Organizer Pro — 3D printed PLA+ | Decora3D Delhi,FALSE,,,,active
geometric-desk-organizer-pro,,,,,,,,,Charcoal Black,,,,,D3D-ORG-002-CH,450,shopify,50,deny,manual,1299.00,,TRUE,TRUE,,,,,,,,active
geometric-desk-organizer-pro,,,,,,,,,Terracotta,,,,,D3D-ORG-002-TE,450,shopify,50,deny,manual,1299.00,,TRUE,TRUE,,,,,,,,active
articulating-phone-stand,Articulating Phone Stand,<p>Articulating Phone Stand — 3D printed in PLA+. Handcrafted in Delhi NCR by Decora3D.</p>,Decora3D,,Phone Stand,"organizer, phone-stand, articulating, desk, pla-plus, wfh, gift",TRUE,Colour,Natural White,,,,,D3D-ORG-003-NA,120,shopify,50,deny,manual,499.00,699.00,TRUE,TRUE,,1,Articulating Phone Stand — 3D printed PLA+ | Decora3D Delhi,FALSE,,,,active
articulating-phone-stand,,,,,,,,,Charcoal Black,,,,,D3D-ORG-003-CH,120,shopify,50,deny,manual,499.00,,TRUE,TRUE,,,,,,,,active
articulating-phone-stand,,,,,,,,,Sage Green,,,,,D3D-ORG-003-SA,120,shopify,50,deny,manual,499.00,,TRUE,TRUE,,,,,,,,active
geometric-key-hook-wall-panel,Geometric Key Hook Wall Panel,<p>Geometric Key Hook Wall Panel — 3D printed in PLA+. Handcrafted in Delhi NCR by Decora3D.</p>,Decora3D,,Wall Hook,"organizer, key-hook, wall, geometric, pla-plus, entryway",TRUE,Colour,Natural White,,,,,D3D-ORG-004-NA,200,shopify,50,deny,manual,599.00,799.00,TRUE,TRUE,,1,Geometric Key Hook Wall Panel — 3D printed PLA+ | Decora3D Delhi,FALSE,,,,active
geometric-key-hook-wall-panel,,,,,,,,,Charcoal Black,,,,,D3D-ORG-004-CH,200,shopify,50,deny,manual,599.00,,TRUE,TRUE,,,,,,,,active
geometric-key-hook-wall-panel,,,,,,,,,Terracotta,,,,,D3D-ORG-004-TE,200,shopify,50,deny,manual,599.00,,TRUE,TRUE,,,,,,,,active
ganesha-bust-classic-edition,Ganesha Bust — Classic Edition,<p>Ganesha Bust — Classic Edition — 3D printed in SLA Resin. Handcrafted in Delhi NCR by Decora3D.</p>,Decora3D,,Spiritual Decor,"spiritual, ganesha, bust, resin, sla, pooja, gift, diwali",TRUE,Finish,Ivory White,,,,,D3D-SPRT-001-IV,700,shopify,50,deny,manual,2999.00,3499.00,TRUE,TRUE,,1,Ganesha Bust — Classic Edition — 3D printed SLA Resin | Decora3D Delhi,FALSE,,,,active
ganesha-bust-classic-edition,,,,,,,,,Antique Bronze,,,,,D3D-SPRT-001-AN,700,shopify,50,deny,manual,2999.00,,TRUE,TRUE,,,,,,,,active
ganesha-bust-classic-edition,,,,,,,,,Antique Gold,,,,,D3D-SPRT-001-AN,700,shopify,50,deny,manual,2999.00,,TRUE,TRUE,,,,,,,,active
sacred-diya-holder-set,Sacred Diya Holder Set (Set of 5),<p>Sacred Diya Holder Set (Set of 5) — 3D printed in PLA+. Handcrafted in Delhi NCR by Decora3D.</p>,Decora3D,,Diya Holder,"spiritual, diya, holder, set, pla-plus, diwali, pooja, gift",TRUE,Colour,Natural White,,,,,D3D-SPRT-002-NA,400,shopify,50,deny,manual,1199.00,1499.00,TRUE,TRUE,,1,Sacred Diya Holder Set (Set of 5) — 3D printed PLA+ | Decora3D Delhi,FALSE,,,,active
sacred-diya-holder-set,,,,,,,,,Matte Black,,,,,D3D-SPRT-002-MA,400,shopify,50,deny,manual,1199.00,,TRUE,TRUE,,,,,,,,active
sacred-diya-holder-set,,,,,,,,,Terracotta,,,,,D3D-SPRT-002-TE,400,shopify,50,deny,manual,1199.00,,TRUE,TRUE,,,,,,,,active
sacred-diya-holder-set,,,,,,,,,Antique Gold,,,,,D3D-SPRT-002-AN,400,shopify,50,deny,manual,1199.00,,TRUE,TRUE,,,,,,,,active
mandala-wall-clock,Mandala Wall Clock,<p>Mandala Wall Clock — 3D printed in PLA+. Handcrafted in Delhi NCR by Decora3D.</p>,Decora3D,,Clock,"spiritual, mandala, clock, wall, pla-plus, living-room, gift",TRUE,Colour,Natural White,,,,,D3D-SPRT-003-NA,500,shopify,50,deny,manual,1499.00,1799.00,TRUE,TRUE,,1,Mandala Wall Clock — 3D printed PLA+ | Decora3D Delhi,FALSE,,,,active
mandala-wall-clock,,,,,,,,,Matte Black,,,,,D3D-SPRT-003-MA,500,shopify,50,deny,manual,1499.00,,TRUE,TRUE,,,,,,,,active
mandala-wall-clock,,,,,,,,,Antique Gold,,,,,D3D-SPRT-003-AN,500,shopify,50,deny,manual,1499.00,,TRUE,TRUE,,,,,,,,active
sacred-geometry-tea-light-set,Sacred Geometry Tea Light Set (×3),<p>Sacred Geometry Tea Light Set (×3) — 3D printed in PLA+. Handcrafted in Delhi NCR by Decora3D.</p>,Decora3D,,Tea Light Holder,"spiritual, tea-light, sacred-geometry, set, pla-plus, diwali, gift",TRUE,Colour,Natural White,,,,,D3D-SPRT-004-NA,250,shopify,50,deny,manual,899.00,1099.00,TRUE,TRUE,,1,Sacred Geometry Tea Light Set (×3) — 3D printed PLA+ | Decora3D Delhi,FALSE,,,,active
sacred-geometry-tea-light-set,,,,,,,,,Matte Black,,,,,D3D-SPRT-004-MA,250,shopify,50,deny,manual,899.00,,TRUE,TRUE,,,,,,,,active
sacred-geometry-tea-light-set,,,,,,,,,Terracotta,,,,,D3D-SPRT-004-TE,250,shopify,50,deny,manual,899.00,,TRUE,TRUE,,,,,,,,active
sacred-geometry-tea-light-set,,,,,,,,,Antique Gold,,,,,D3D-SPRT-004-AN,250,shopify,50,deny,manual,899.00,,TRUE,TRUE,,,,,,,,active
corporate-nameplate-custom,Corporate Nameplate — Custom,<p>Corporate Nameplate — Custom — 3D printed in PLA+. Handcrafted in Delhi NCR by Decora3D.</p>,Decora3D,,Corporate Gift,"corporate, nameplate, custom, personalised, pla-plus, office, gifting",TRUE,Colour,Matte Black,Quantity,1 unit,,,D3D-CORP-001-MA,200,shopify,50,deny,manual,599.00,799.00,TRUE,TRUE,,1,Corporate Nameplate — Custom — 3D printed PLA+ | Decora3D Delhi,FALSE,,,,active
corporate-nameplate-custom,,,,,,,,,Matte Black,,10 units,,,D3D-CORP-001-MA,200,shopify,50,deny,manual,599.00,,TRUE,TRUE,,,,,,,,active
corporate-nameplate-custom,,,,,,,,,Matte Black,,25 units,,,D3D-CORP-001-MA,200,shopify,50,deny,manual,599.00,,TRUE,TRUE,,,,,,,,active
corporate-nameplate-custom,,,,,,,,,Matte Black,,50 units,,,D3D-CORP-001-MA,200,shopify,50,deny,manual,599.00,,TRUE,TRUE,,,,,,,,active
corporate-nameplate-custom,,,,,,,,,Matte Black,,100 units,,,D3D-CORP-001-MA,200,shopify,50,deny,manual,599.00,,TRUE,TRUE,,,,,,,,active
corporate-nameplate-custom,,,,,,,,,Natural White,,1 unit,,,D3D-CORP-001-NA,200,shopify,50,deny,manual,599.00,,TRUE,TRUE,,,,,,,,active
corporate-nameplate-custom,,,,,,,,,Natural White,,10 units,,,D3D-CORP-001-NA,200,shopify,50,deny,manual,599.00,,TRUE,TRUE,,,,,,,,active
corporate-nameplate-custom,,,,,,,,,Natural White,,25 units,,,D3D-CORP-001-NA,200,shopify,50,deny,manual,599.00,,TRUE,TRUE,,,,,,,,active
corporate-nameplate-custom,,,,,,,,,Natural White,,50 units,,,D3D-CORP-001-NA,200,shopify,50,deny,manual,599.00,,TRUE,TRUE,,,,,,,,active
corporate-nameplate-custom,,,,,,,,,Natural White,,100 units,,,D3D-CORP-001-NA,200,shopify,50,deny,manual,599.00,,TRUE,TRUE,,,,,,,,active
corporate-nameplate-custom,,,,,,,,,Antique Gold,,1 unit,,,D3D-CORP-001-AN,200,shopify,50,deny,manual,599.00,,TRUE,TRUE,,,,,,,,active
corporate-nameplate-custom,,,,,,,,,Antique Gold,,10 units,,,D3D-CORP-001-AN,200,shopify,50,deny,manual,599.00,,TRUE,TRUE,,,,,,,,active
corporate-nameplate-custom,,,,,,,,,Antique Gold,,25 units,,,D3D-CORP-001-AN,200,shopify,50,deny,manual,599.00,,TRUE,TRUE,,,,,,,,active
corporate-nameplate-custom,,,,,,,,,Antique Gold,,50 units,,,D3D-CORP-001-AN,200,shopify,50,deny,manual,599.00,,TRUE,TRUE,,,,,,,,active
corporate-nameplate-custom,,,,,,,,,Antique Gold,,100 units,,,D3D-CORP-001-AN,200,shopify,50,deny,manual,599.00,,TRUE,TRUE,,,,,,,,active
corporate-premium-gifting-pack,Corporate Premium Gifting Pack (Min 25),<p>Corporate Premium Gifting Pack (Min 25) — 3D printed in PLA+. Handcrafted in Delhi NCR by Decora3D.</p>,Decora3D,,Corporate Gift Pack,"corporate, gifting-pack, premium, bulk, pla-plus, diwali, branded",TRUE,Quantity,25 units,,,,,D3D-CORP-002-25,800,shopify,50,deny,manual,1499.00,1899.00,TRUE,TRUE,,1,Corporate Premium Gifting Pack (Min 25) — 3D printed PLA+ | Decora3D Delhi,FALSE,,,,active
corporate-premium-gifting-pack,,,,,,,,,50 units,,,,,D3D-CORP-002-50,800,shopify,50,deny,manual,1499.00,,TRUE,TRUE,,,,,,,,active
corporate-premium-gifting-pack,,,,,,,,,100 units,,,,,D3D-CORP-002-10,800,shopify,50,deny,manual,1499.00,,TRUE,TRUE,,,,,,,,active
corporate-premium-gifting-pack,,,,,,,,,Custom,,,,,D3D-CORP-002-CU,800,shopify,50,deny,manual,1499.00,,TRUE,TRUE,,,,,,,,active
corporate-logo-keychain-bulk,Corporate Logo Keychain (Bulk),<p>Corporate Logo Keychain (Bulk) — 3D printed in PETG. Handcrafted in Delhi NCR by Decora3D.</p>,Decora3D,,Corporate Gift,"corporate, keychain, logo, bulk, petg, branded, gifting",TRUE,Colour,Matte Black,Quantity,50 units,,,D3D-KEY-004-MA,30,shopify,50,deny,manual,149.00,249.00,TRUE,TRUE,,1,Corporate Logo Keychain (Bulk) — 3D printed PETG | Decora3D Delhi,FALSE,,,,active
corporate-logo-keychain-bulk,,,,,,,,,Matte Black,,100 units,,,D3D-KEY-004-MA,30,shopify,50,deny,manual,149.00,,TRUE,TRUE,,,,,,,,active
corporate-logo-keychain-bulk,,,,,,,,,Matte Black,,250 units,,,D3D-KEY-004-MA,30,shopify,50,deny,manual,149.00,,TRUE,TRUE,,,,,,,,active
corporate-logo-keychain-bulk,,,,,,,,,Matte Black,,500 units,,,D3D-KEY-004-MA,30,shopify,50,deny,manual,149.00,,TRUE,TRUE,,,,,,,,active
corporate-logo-keychain-bulk,,,,,,,,,Natural White,,50 units,,,D3D-KEY-004-NA,30,shopify,50,deny,manual,149.00,,TRUE,TRUE,,,,,,,,active
corporate-logo-keychain-bulk,,,,,,,,,Natural White,,100 units,,,D3D-KEY-004-NA,30,shopify,50,deny,manual,149.00,,TRUE,TRUE,,,,,,,,active
corporate-logo-keychain-bulk,,,,,,,,,Natural White,,250 units,,,D3D-KEY-004-NA,30,shopify,50,deny,manual,149.00,,TRUE,TRUE,,,,,,,,active
corporate-logo-keychain-bulk,,,,,,,,,Natural White,,500 units,,,D3D-KEY-004-NA,30,shopify,50,deny,manual,149.00,,TRUE,TRUE,,,,,,,,active
corporate-logo-keychain-bulk,,,,,,,,,Antique Gold,,50 units,,,D3D-KEY-004-AN,30,shopify,50,deny,manual,149.00,,TRUE,TRUE,,,,,,,,active
corporate-logo-keychain-bulk,,,,,,,,,Antique Gold,,100 units,,,D3D-KEY-004-AN,30,shopify,50,deny,manual,149.00,,TRUE,TRUE,,,,,,,,active
corporate-logo-keychain-bulk,,,,,,,,,Antique Gold,,250 units,,,D3D-KEY-004-AN,30,shopify,50,deny,manual,149.00,,TRUE,TRUE,,,,,,,,active
corporate-logo-keychain-bulk,,,,,,,,,Antique Gold,,500 units,,,D3D-KEY-004-AN,30,shopify,50,deny,manual,149.00,,TRUE,TRUE,,,,,,,,active
custom-city-series-keychain,Custom City Series Keychain — Delhi,<p>Custom City Series Keychain — Delhi — 3D printed in PETG. Handcrafted in Delhi NCR by Decora3D.</p>,Decora3D,,Keychain,"keychain, city, delhi, petg, gift, travel, souvenir",TRUE,City,Delhi,Colour,Matte Black,,,D3D-KEY-001-DE,25,shopify,50,deny,manual,299.00,399.00,TRUE,TRUE,,1,Custom City Series Keychain — Delhi — 3D printed PETG | Decora3D Delhi,FALSE,,,,active
custom-city-series-keychain,,,,,,,,,Delhi,,Natural White,,,D3D-KEY-001-DE,25,shopify,50,deny,manual,299.00,,TRUE,TRUE,,,,,,,,active
custom-city-series-keychain,,,,,,,,,Delhi,,Antique Gold,,,D3D-KEY-001-DE,25,shopify,50,deny,manual,299.00,,TRUE,TRUE,,,,,,,,active
custom-city-series-keychain,,,,,,,,,Mumbai,,Matte Black,,,D3D-KEY-001-MU,25,shopify,50,deny,manual,299.00,,TRUE,TRUE,,,,,,,,active
custom-city-series-keychain,,,,,,,,,Mumbai,,Natural White,,,D3D-KEY-001-MU,25,shopify,50,deny,manual,299.00,,TRUE,TRUE,,,,,,,,active
custom-city-series-keychain,,,,,,,,,Mumbai,,Antique Gold,,,D3D-KEY-001-MU,25,shopify,50,deny,manual,299.00,,TRUE,TRUE,,,,,,,,active
custom-city-series-keychain,,,,,,,,,Bangalore,,Matte Black,,,D3D-KEY-001-BA,25,shopify,50,deny,manual,299.00,,TRUE,TRUE,,,,,,,,active
custom-city-series-keychain,,,,,,,,,Bangalore,,Natural White,,,D3D-KEY-001-BA,25,shopify,50,deny,manual,299.00,,TRUE,TRUE,,,,,,,,active
custom-city-series-keychain,,,,,,,,,Bangalore,,Antique Gold,,,D3D-KEY-001-BA,25,shopify,50,deny,manual,299.00,,TRUE,TRUE,,,,,,,,active
custom-city-series-keychain,,,,,,,,,Jaipur,,Matte Black,,,D3D-KEY-001-JA,25,shopify,50,deny,manual,299.00,,TRUE,TRUE,,,,,,,,active
custom-city-series-keychain,,,,,,,,,Jaipur,,Natural White,,,D3D-KEY-001-JA,25,shopify,50,deny,manual,299.00,,TRUE,TRUE,,,,,,,,active
custom-city-series-keychain,,,,,,,,,Jaipur,,Antique Gold,,,D3D-KEY-001-JA,25,shopify,50,deny,manual,299.00,,TRUE,TRUE,,,,,,,,active
custom-city-series-keychain,,,,,,,,,Kolkata,,Matte Black,,,D3D-KEY-001-KO,25,shopify,50,deny,manual,299.00,,TRUE,TRUE,,,,,,,,active
custom-city-series-keychain,,,,,,,,,Kolkata,,Natural White,,,D3D-KEY-001-KO,25,shopify,50,deny,manual,299.00,,TRUE,TRUE,,,,,,,,active
custom-city-series-keychain,,,,,,,,,Kolkata,,Antique Gold,,,D3D-KEY-001-KO,25,shopify,50,deny,manual,299.00,,TRUE,TRUE,,,,,,,,active
custom-city-series-keychain,,,,,,,,,Hyderabad,,Matte Black,,,D3D-KEY-001-HY,25,shopify,50,deny,manual,299.00,,TRUE,TRUE,,,,,,,,active
custom-city-series-keychain,,,,,,,,,Hyderabad,,Natural White,,,D3D-KEY-001-HY,25,shopify,50,deny,manual,299.00,,TRUE,TRUE,,,,,,,,active
custom-city-series-keychain,,,,,,,,,Hyderabad,,Antique Gold,,,D3D-KEY-001-HY,25,shopify,50,deny,manual,299.00,,TRUE,TRUE,,,,,,,,active
custom-city-series-keychain,,,,,,,,,Chennai,,Matte Black,,,D3D-KEY-001-CH,25,shopify,50,deny,manual,299.00,,TRUE,TRUE,,,,,,,,active
custom-city-series-keychain,,,,,,,,,Chennai,,Natural White,,,D3D-KEY-001-CH,25,shopify,50,deny,manual,299.00,,TRUE,TRUE,,,,,,,,active
custom-city-series-keychain,,,,,,,,,Chennai,,Antique Gold,,,D3D-KEY-001-CH,25,shopify,50,deny,manual,299.00,,TRUE,TRUE,,,,,,,,active
personalised-name-keychain,Personalised Name Keychain,<p>Personalised Name Keychain — 3D printed in PETG. Handcrafted in Delhi NCR by Decora3D.</p>,Decora3D,,Keychain,"keychain, personalised, name, petg, gift, custom",TRUE,Colour,Matte Black,,,,,D3D-KEY-002-MA,20,shopify,50,deny,manual,249.00,349.00,TRUE,TRUE,,1,Personalised Name Keychain — 3D printed PETG | Decora3D Delhi,FALSE,,,,active
personalised-name-keychain,,,,,,,,,Natural White,,,,,D3D-KEY-002-NA,20,shopify,50,deny,manual,249.00,,TRUE,TRUE,,,,,,,,active
personalised-name-keychain,,,,,,,,,Antique Gold,,,,,D3D-KEY-002-AN,20,shopify,50,deny,manual,249.00,,TRUE,TRUE,,,,,,,,active
personalised-name-keychain,,,,,,,,,Coral Red,,,,,D3D-KEY-002-CO,20,shopify,50,deny,manual,249.00,,TRUE,TRUE,,,,,,,,active
geometric-bag-charm-set,Geometric Bag Charm Set (×3),<p>Geometric Bag Charm Set (×3) — 3D printed in PETG. Handcrafted in Delhi NCR by Decora3D.</p>,Decora3D,,Bag Charm,"keychain, bag-charm, geometric, set, petg, gift, accessories",TRUE,Colour,Matte Black,,,,,D3D-KEY-003-MA,60,shopify,50,deny,manual,399.00,499.00,TRUE,TRUE,,1,Geometric Bag Charm Set (×3) — 3D printed PETG | Decora3D Delhi,FALSE,,,,active
geometric-bag-charm-set,,,,,,,,,Natural White,,,,,D3D-KEY-003-NA,60,shopify,50,deny,manual,399.00,,TRUE,TRUE,,,,,,,,active
geometric-bag-charm-set,,,,,,,,,Antique Gold,,,,,D3D-KEY-003-AN,60,shopify,50,deny,manual,399.00,,TRUE,TRUE,,,,,,,,active
geometric-bag-charm-set,,,,,,,,,Coral Red,,,,,D3D-KEY-003-CO,60,shopify,50,deny,manual,399.00,,TRUE,TRUE,,,,,,,,active
intro-3d-printing-workshop,Intro to 3D Printing Workshop — 1 Seat,<p>Intro to 3D Printing Workshop — 1 Seat — 3D printed in None. Handcrafted in Delhi NCR by Decora3D.</p>,Decora3D,,Experience,"workshop, experience, beginners, saturday, sunday, kids-friendly",TRUE,Date,Select via calendar — BookThatApp,,,,,D3D-WRK-001-SE,0,,,deny,manual,499.00,,FALSE,TRUE,,1,Intro to 3D Printing Workshop — 1 Seat — 3D printed None | Decora3D Delhi,FALSE,,,,active
custom-creation-workshop,Custom Creation Workshop — 1 Seat,<p>Custom Creation Workshop — 1 Seat — 3D printed in PLA+. Handcrafted in Delhi NCR by Decora3D.</p>,Decora3D,,Experience,"workshop, experience, custom, design, all-levels",TRUE,Date,Select via calendar — BookThatApp,,,,,D3D-WRK-002-SE,300,,,deny,manual,999.00,,FALSE,TRUE,,1,Custom Creation Workshop — 1 Seat — 3D printed PLA+ | Decora3D Delhi,FALSE,,,,active
kids-3d-printing-workshop,Kids 3D Printing Workshop — 1 Child,<p>Kids 3D Printing Workshop — 1 Child — 3D printed in PLA+. Handcrafted in Delhi NCR by Decora3D.</p>,Decora3D,,Experience,"workshop, experience, kids, children, ages-7-14, school",TRUE,Date,Select via calendar — BookThatApp,,,,,D3D-WRK-003-SE,300,,,deny,manual,449.00,,FALSE,TRUE,,1,Kids 3D Printing Workshop — 1 Child — 3D printed PLA+ | Decora3D Delhi,FALSE,,,,active
corporate-team-experience,Corporate Team Experience — Per Person,<p>Corporate Team Experience — Per Person — 3D printed in PLA+. Handcrafted in Delhi NCR by Decora3D.</p>,Decora3D,,Experience,"workshop, experience, corporate, team-building, groups",TRUE,Date,Select via calendar — BookThatApp,,,,,D3D-WRK-004-SE,300,,,deny,manual,999.00,,FALSE,TRUE,,1,Corporate Team Experience — Per Person — 3D printed PLA+ | Decora3D Delhi,FALSE,,,,active
